row_label,chameleon,love_bomber,manipulator,scorekeeper,self_saboteur,stonewaller
Chameleon,0.92,0.95,0.8200000000000001,0.78,0.95,0.95
Love Bomber,0.95,0.92,0.6799999999999999,0.95,0.76,0.95
Manipulator,0.8200000000000001,0.6799999999999999,0.92,0.95,0.95,0.95
Scorekeeper,0.78,0.95,0.95,0.8200000000000001,0.95,0.95
Self-Saboteur,0.95,0.76,0.95,0.95,0.92,0.95
Stonewaller,0.95,0.95,0.95,0.95,0.95,0.72
